{
    "PS": {
        "Number of samples": 512,
        "Noise level": 3.5706695644474276,
        "Horizon (s)": 2.0,
        "Spline type": "zero",
        "Number of knots": 16
    },
    "MPPI": {
        "Number of samples": 512,
        "Noise level": 3.5706695644474276,
        "Temperature": 0.2936245142525822,
        "Horizon (s)": 2.0,
        "Spline type": "zero",
        "Number of knots": 16
    },
    "MPPI staged rollout": {
        "Number of samples": 512,
        "Noise level": 3.5706695644474276,
        "Temperature": 0.2936245142525822,
        "Horizon (s)": 2.0,
        "Spline type": "zero",
        "Number of knots": 16,
        "Number of knots per stage": 4,
        "KDE Bandwidth": 0.13020512395101758
    },
    "DIAL": {
        "Number of samples": 512,
        "Noise level": 3.5706695644474276,
        "Temperature": 0.2936245142525822,
        "Horizon (s)": 2.0,
        "Spline type": "zero",
        "Number of knots": 16,
        "Beta opt iter": 0.04211287901764016,
        "Beta horizon": 1.8728419840944959
    },
    "CEM": {
        "Number of samples": 512,
        "Temperature": 0.2936245142525822,
        "Horizon (s)": 2.0,
        "Spline type": "zero",
        "Number of knots": 16,
        "Number of elites": 34,
        "Sigma start": 16.794033369845398,
        "Sigma min": 0.2725063612447212,
        "Explore fraction": 0.6412162786642346
    }
}