{
    "PS": {
        "Number of samples": 512,
        "Noise level": 3.830823023502856,
        "Horizon (s)": 2.0,
        "Spline type": "zero",
        "Number of knots": 16
    },
    "MPPI": {
        "Number of samples": 512,
        "Noise level": 3.830823023502856,
        "Temperature": 0.30880211180241857,
        "Horizon (s)": 2.0,
        "Spline type": "zero",
        "Number of knots": 16
    },
    "MPPI staged rollout": {
        "Number of samples": 512,
        "Noise level": 3.830823023502856,
        "Temperature": 0.30880211180241857,
        "Horizon (s)": 2.0,
        "Spline type": "zero",
        "Number of knots": 16,
        "Number of knots per stage": 4,
        "KDE Bandwidth": 0.15339116402211805
    },
    "DIAL": {
        "Number of samples": 512,
        "Noise level": 3.830823023502856,
        "Temperature": 0.30880211180241857,
        "Horizon (s)": 2.0,
        "Spline type": "zero",
        "Number of knots": 16,
        "Beta opt iter": 1.3524424639781787,
        "Beta horizon": 1.4705229035738794
    },
    "CEM": {
        "Number of samples": 512,
        "Temperature": 0.30880211180241857,
        "Horizon (s)": 2.0,
        "Spline type": "zero",
        "Number of knots": 16,
        "Number of elites": 2,
        "Sigma start": 15.413625777576513,
        "Sigma min": 0.7251202783064755,
        "Explore fraction": 0.7645082687763285
    }
}