{
    "PS": {
        "Number of samples": 512,
        "Noise level": 2.5955042047480457,
        "Horizon (s)": 2.0,
        "Spline type": "zero",
        "Number of knots": 16
    },
    "MPPI": {
        "Number of samples": 512,
        "Noise level": 2.5955042047480457,
        "Temperature": 0.8778620263071149,
        "Horizon (s)": 2.0,
        "Spline type": "zero",
        "Number of knots": 16
    },
    "MPPI staged rollout": {
        "Number of samples": 512,
        "Noise level": 2.5955042047480457,
        "Temperature": 0.8778620263071149,
        "Horizon (s)": 2.0,
        "Spline type": "zero",
        "Number of knots": 16,
        "Number of knots per stage": 4,
        "KDE Bandwidth": 0.017168626929890185
    },
    "DIAL": {
        "Number of samples": 512,
        "Noise level": 2.5955042047480457,
        "Temperature": 0.8778620263071149,
        "Horizon (s)": 2.0,
        "Spline type": "zero",
        "Number of knots": 16,
        "Beta opt iter": 0.3293170710077338,
        "Beta horizon": 1.401733630196472
    },
    "CEM": {
        "Number of samples": 512,
        "Temperature": 0.8778620263071149,
        "Horizon (s)": 2.0,
        "Spline type": "zero",
        "Number of knots": 16,
        "Number of elites": 64,
        "Sigma start": 4.387936580909645,
        "Sigma min": 0.3925782805129488,
        "Explore fraction": 0.45950846146342994
    }
}